img_0_0.jpg,stop
img_0_1.jpg,stop
img_0_2.jpg,stop
img_2_0.jpg,go
img_2_1.jpg,stop
img_2_2.jpg,stop
img_3_0.jpg,go
img_3_1.jpg,go
img_4_0.jpg,go
img_5_0.jpg,go
img_6_0.jpg,go
img_6_1.jpg,go
img_7_0.jpg,stop
img_7_1.jpg,stop
img_7_2.jpg,stop
img_8_0.jpg,go
img_8_1.jpg,go
img_8_2.jpg,go
img_9_0.jpg,go
img_10_0.jpg,stop
img_10_1.jpg,stop
img_10_2.jpg,stop
img_13_0.jpg,go
img_13_1.jpg,go
img_13_2.jpg,go
img_14_0.jpg,go
img_14_1.jpg,go
img_15_0.jpg,go
img_15_1.jpg,go
img_15_2.jpg,go
img_16_0.jpg,stop
img_16_1.jpg,stop
img_16_2.jpg,stop
img_17_0.jpg,go
img_17_1.jpg,go
img_17_2.jpg,go
img_22_0.jpg,go
img_23_0.jpg,stop
img_23_1.jpg,stop
img_24_0.jpg,stop
img_24_1.jpg,stop
img_25_0.jpg,go
img_26_0.jpg,go
img_26_1.jpg,go
img_26_2.jpg,go
